{"eval_loss": 0.30015462670326233, "eval_accuracy": 0.9017476108799744, "eval_runtime": 19.6015, "eval_samples_per_second": 502.119, "eval_steps_per_second": 63.213}