{"eval_loss": 0.37464845180511475, "eval_accuracy": 0.8967689275741577, "eval_runtime": 20.1389, "eval_samples_per_second": 488.706, "eval_steps_per_second": 61.125}