{"eval_loss": 0.3912786543369293, "eval_accuracy": 0.8922983407974243, "eval_runtime": 17.7035, "eval_samples_per_second": 555.935, "eval_steps_per_second": 69.534}